file,type,ext,block,purpose,course,created,path
8083-31B.pdf,quiz_exam,pdf,,general_reference,-1,2026-08-10,8083-31B.pdf
Airframe Inspection Projects/Airframe Inspection  AD Worksheet.doc,other,doc,Block 8,course_generation,100,2026-08-07,Airframe Inspection Projects/Airframe Inspection  AD Worksheet.doc
Airframe Inspection Projects/Airframe Inspection  AD Worksheet.doc,other,doc,Block 10,general_reference,102,2026-08-07,Airframe Inspection Projects/Airframe Inspection  AD Worksheet.doc
Airframe Inspection Projects/Airframe Inspection Project A28.doc,project_key,doc,Block 8,course_generation,100,2026-08-07,Airframe Inspection Projects/Airframe Inspection Project A28.doc
Airframe Inspection Projects/Airframe Inspection Project A28.doc,project_key,doc,Block 10,general_reference,102,2026-08-07,Airframe Inspection Projects/Airframe Inspection Project A28.doc
Airframe Inspection Projects/Airframe Inspection Project A28 Key.doc,project_key,doc,Block 8,course_generation,100,2026-08-07,Airframe Inspection Projects/Airframe Inspection Project A28 Key.doc
Airframe Inspection Projects/Airframe Inspection Project A28 Key.doc,project_key,doc,Block 10,general_reference,102,2026-08-07,Airframe Inspection Projects/Airframe Inspection Project A28 Key.doc
Airframe Inspections subject final/Airframe Inspection Final Exam Answer Sheet.doc,quiz_exam,doc,Block 8,course_generation,100,2026-08-07,Airframe Inspections subject final/Airframe Inspection Final Exam Answer Sheet.doc
Airframe Inspections subject final/Airframe Inspection Final Exam Answer Sheet.doc,quiz_exam,doc,Block 10,course_generation,102,2026-08-07,Airframe Inspections subject final/Airframe Inspection Final Exam Answer Sheet.doc
Airframe Inspections subject final/Airframe Inspection Final Exam Answer Sheet Key.doc,quiz_exam,doc,Block 8,course_generation,100,2026-08-07,Airframe Inspections subject final/Airframe Inspection Final Exam Answer Sheet Key.doc
Airframe Inspections subject final/Airframe Inspection Final Exam Answer Sheet Key.doc,quiz_exam,doc,Block 10,course_generation,102,2026-08-07,Airframe Inspections subject final/Airframe Inspection Final Exam Answer Sheet Key.doc
Airframe Inspections subject final/Airframe Inspection Final Exam.doc,quiz_exam,doc,Block 8,course_generation,100,2026-08-07,Airframe Inspections subject final/Airframe Inspection Final Exam.doc
Airframe Inspections subject final/Airframe Inspection Final Exam.doc,quiz_exam,doc,Block 10,course_generation,102,2026-08-07,Airframe Inspections subject final/Airframe Inspection Final Exam.doc
Airframe Inspections subject final/Airframe Inspection Final Exam Match Statements.doc,quiz_exam,doc,Block 8,course_generation,100,2026-08-07,Airframe Inspections subject final/Airframe Inspection Final Exam Match Statements.doc
Airframe Inspections subject final/Airframe Inspection Final Exam Match Statements.doc,quiz_exam,doc,Block 10,course_generation,102,2026-08-07,Airframe Inspections subject final/Airframe Inspection Final Exam Match Statements.doc
Assembly & Rigging Projects/Assembly & Rigging Project A24.doc,project_key,doc,Block 10,course_generation,102,2026-08-07,Assembly _ Rigging Projects/Assembly _ Rigging Project A24.doc
Assembly & Rigging Projects/Assembly & Rigging Project A24 Key.doc,project_key,doc,Block 10,course_generation,102,2026-08-07,Assembly _ Rigging Projects/Assembly _ Rigging Project A24 Key.doc
Assembly & Rigging Projects/Blk 10 Project 3 A23.doc,project_key,doc,Block 10,course_generation,102,2026-08-07,Assembly _ Rigging Projects/Blk 10 Project 3 A23.doc
Assembly & Rigging Projects/Blk 10 Project 3 A23 Key.doc,project_key,doc,Block 10,course_generation,102,2026-08-07,Assembly _ Rigging Projects/Blk 10 Project 3 A23 Key.doc
Assembly & Rigging Projects/Blk 10 Project 4 A25 Key.doc,project_key,doc,Block 10,course_generation,102,2026-08-07,Assembly _ Rigging Projects/Blk 10 Project 4 A25 Key.doc
Assembly & Rigging Projects/Blk 10 Project 5 A26.doc,project_key,doc,Block 10,course_generation,102,2026-08-07,Assembly _ Rigging Projects/Blk 10 Project 5 A26.doc
Assembly & Rigging Projects/Blk 10 Project 5 A26 Key.doc,project_key,doc,Block 10,course_generation,102,2026-08-07,Assembly _ Rigging Projects/Blk 10 Project 5 A26 Key.doc
B15/Block 15 Final Cumulative Alternate Exam Answer Sheet.doc,quiz_exam,doc,Block 15,general_reference,105,2026-08-07,B15/Block 15 Final Cumulative Alternate Exam Answer Sheet.doc
B15/Block 15 Final Cumulative Exam Alternate Answer Key.doc,quiz_answer_key,doc,Block 15,general_reference,105,2026-08-07,B15/Block 15 Final Cumulative Exam Alternate Answer Key.doc
B15/Block 15 Final Cumulative Exam Alternate.doc,quiz_exam,doc,Block 15,general_reference,105,2026-08-07,B15/Block 15 Final Cumulative Exam Alternate.doc
B15/Block 15 Final Cumulative Exam Answer Sheet.doc,quiz_exam,doc,Block 15,general_reference,105,2026-08-07,B15/Block 15 Final Cumulative Exam Answer Sheet.doc
B15/Block 15 Final Cumulative Exam Answer Sheet Key.doc,quiz_answer_key,doc,Block 15,general_reference,105,2026-08-07,B15/Block 15 Final Cumulative Exam Answer Sheet Key.doc
B15/Block 15 Final Cumulative Exam.doc,quiz_exam,doc,Block 15,general_reference,105,2026-08-07,B15/Block 15 Final Cumulative Exam.doc
B15/Block 15 P14 Proj 5.doc,other,doc,Block 15,general_reference,105,2026-08-07,B15/Block 15 P14 Proj 5.doc
B15/Block 15 P15 Proj 6.doc,other,doc,Block 15,general_reference,105,2026-08-07,B15/Block 15 P15 Proj 6.doc
B15/Block 15  P16.doc,other,doc,Block 15,general_reference,105,2026-08-07,B15/Block 15  P16.doc
B15/Block 15 P20 Key.doc,quiz_answer_key,doc,Block 15,general_reference,105,2026-08-07,B15/Block 15 P20 Key.doc
B15/Block 15 P21 & P22 Proj 2.doc,other,doc,Block 15,general_reference,105,2026-08-07,B15/Block 15 P21 _ P22 Proj 2.doc
B15/Block 15 P21 & P22 Proj 2 Key.doc,quiz_answer_key,doc,Block 15,general_reference,105,2026-08-07,B15/Block 15 P21 _ P22 Proj 2 Key.doc
B15/Block 15 P23 Proj 3.doc,other,doc,Block 15,general_reference,105,2026-08-07,B15/Block 15 P23 Proj 3.doc
B15/Block 15 P23 Proj 3 Key.doc,quiz_answer_key,doc,Block 15,general_reference,105,2026-08-07,B15/Block 15 P23 Proj 3 Key.doc
B15/Fuel Metering System Final Exam1 Answer Sheet.doc,quiz_exam,doc,Block 15,general_reference,105,2026-08-07,B15/Fuel Metering System Final Exam1 Answer Sheet.doc
B15/Fuel Metering System Final Exam1 Answer Sheet Key.doc,quiz_exam,doc,Block 15,general_reference,105,2026-08-07,B15/Fuel Metering System Final Exam1 Answer Sheet Key.doc
B15/Fuel Metering System Final Exam1.doc,quiz_exam,doc,Block 15,general_reference,105,2026-08-07,B15/Fuel Metering System Final Exam1.doc
Block 10 Final Cumulative Exam/Block 10 Final  Cumulative Exam Alternate Answer Sheet.doc,quiz_exam,doc,Block 10,course_generation,102,2026-08-07,Block 10 Final Cumulative Exam/Block 10 Final  Cumulative Exam Alternate Answer Sheet.doc
Block 10 Final Cumulative Exam/Block 10 Final  Cumulative Exam Alternate Answer Sheet Key.doc,quiz_answer_key,doc,Block 10,course_generation,102,2026-08-07,Block 10 Final Cumulative Exam/Block 10 Final  Cumulative Exam Alternate Answer Sheet Key.doc
Block 10 Final Cumulative Exam/Block 10 Final Cumulative Exam Alternate Match Statements.doc,quiz_exam,doc,Block 10,course_generation,102,2026-08-07,Block 10 Final Cumulative Exam/Block 10 Final Cumulative Exam Alternate Match Statements.doc
Block 10 Final Cumulative Exam/Block 10 Final  Cumulative Exam Answer Sheet.doc,quiz_exam,doc,Block 10,course_generation,102,2026-08-07,Block 10 Final Cumulative Exam/Block 10 Final  Cumulative Exam Answer Sheet.doc
Block 10 Final Cumulative Exam/Block 10 Final  Cumulative Exam Answer Sheet Key.doc,quiz_answer_key,doc,Block 10,course_generation,102,2026-08-07,Block 10 Final Cumulative Exam/Block 10 Final  Cumulative Exam Answer Sheet Key.doc
Block 10 Final Cumulative Exam/Block 10 Final Cumulative Exam Match Statements.doc,quiz_exam,doc,Block 10,course_generation,102,2026-08-07,Block 10 Final Cumulative Exam/Block 10 Final Cumulative Exam Match Statements.doc
Block 12 Final Cumulative Exam Alternate Answer Sheet Key.doc,quiz_answer_key,doc,Block 12,general_reference,91,2026-08-06,Block 12 Final Cumulative Exam Alternate Answer Sheet Key.doc
Block 12 Final Cumulative Exam Part 1&2 Answer Key.doc,quiz_answer_key,doc,Block 12,general_reference,91,2026-08-06,Block 12 Final Cumulative Exam Part 1_2 Answer Key.doc
Block 12 Final Cumulative Exam Part1.doc,quiz_exam,doc,Block 12,general_reference,91,2026-08-06,Block 12 Final Cumulative Exam Part1.doc
Block 12 Final Cumulative Exam Part1.doc,quiz_exam,doc,Block 12,general_reference,91,2026-08-06,Block 12 Final Cumulative Exam Part1.doc
Block 12 Final Cumulative Exam Part2.doc,quiz_exam,doc,Block 12,general_reference,91,2026-08-06,Block 12 Final Cumulative Exam Part2.doc
Block 12 Final Cumulative Exam Part2 Matching Statements.doc,quiz_exam,doc,Block 12,general_reference,91,2026-08-06,Block 12 Final Cumulative Exam Part2 Matching Statements.doc
Block 14 Final Cumulative Exam  Alternate Answer Sheet.doc,quiz_exam,doc,Block 14,general_reference,91,2026-08-06,Block 14 Final Cumulative Exam  Alternate Answer Sheet.doc
Block 14 Final Cumulative Exam/Block 14 Final Cumulative Exam Alternate.doc,quiz_exam,doc,Block 14,general_reference,91,2026-08-06,Block 14 Final Cumulative Exam/Block 14 Final Cumulative Exam Alternate.doc
Block 14 Final Cumulative Exam/Block 14 Final Cumulative Exam Answer Sheet.doc,quiz_exam,doc,Block 14,general_reference,91,2026-08-06,Block 14 Final Cumulative Exam/Block 14 Final Cumulative Exam Answer Sheet.doc
Block 14 Final Cumulative Exam/Block 14 Final Cumulative Exam.doc,quiz_exam,doc,Block 14,general_reference,91,2026-08-06,Block 14 Final Cumulative Exam/Block 14 Final Cumulative Exam.doc
Block 14 Projects/Block 14 P17 Proj 1.doc,other,doc,Block 14,general_reference,91,2026-08-06,Block 14 Projects/Block 14 P17 Proj 1.doc
Block 14 Projects/Block 14 P19a Proj 3.doc,other,doc,Block 14,general_reference,91,2026-08-06,Block 14 Projects/Block 14 P19a Proj 3.doc
Block 14 Projects/Block 14 P27 Proj 4 Key.doc,quiz_answer_key,doc,Block 14,general_reference,91,2026-08-06,Block 14 Projects/Block 14 P27 Proj 4 Key.doc
Block 14 Projects/Block 14 P31a Proj 8.doc,other,doc,Block 14,general_reference,91,2026-08-06,Block 14 Projects/Block 14 P31a Proj 8.doc
Block 14 Projects/Block 14 P31 Proj 7.doc,other,doc,Block 14,general_reference,91,2026-08-06,Block 14 Projects/Block 14 P31 Proj 7.doc
Block 14 Projects/Block 14 P31 Proj 7 Key.doc,quiz_answer_key,doc,Block 14,general_reference,91,2026-08-06,Block 14 Projects/Block 14 P31 Proj 7 Key.doc
Block 14 Projects/Block 14 P32b Proj 9 Key.doc,quiz_answer_key,doc,Block 14,general_reference,91,2026-08-06,Block 14 Projects/Block 14 P32b Proj 9 Key.doc
Block 14 Projects/Ignition & Starting System Project P19b.doc,project_key,doc,Block 14,general_reference,91,2026-08-06,Block 14 Projects/Ignition _ Starting System Project P19b.doc
Block 14 Projects/Ignition & Starting System Project P19b Key.doc,project_key,doc,Block 14,general_reference,91,2026-08-06,Block 14 Projects/Ignition _ Starting System Project P19b Key.doc
Block 5 Final Exam/POC_Block 05_Final Cumulative Exam Alternate Answer Sheet.doc,quiz_exam,doc,Block 5,general_reference,89,2026-08-06,Block 5 Final Exam/POC_Block 05_Final Cumulative Exam Alternate Answer Sheet.doc
Block 5 Final Exam/POC_Block 05_Final Cumulative Exam Alternate Answer Sheet Key.doc,quiz_answer_key,doc,Block 5,general_reference,89,2026-08-06,Block 5 Final Exam/POC_Block 05_Final Cumulative Exam Alternate Answer Sheet Key.doc
Block 5 Final Exam/POC_Block 05_Final Cumulative Exam Alternate Answer Sheet Key_updated.docx,quiz_answer_key,docx,Block 5,general_reference,89,2026-08-06,Block 5 Final Exam/POC_Block 05_Final Cumulative Exam Alternate Answer Sheet Key_updated.docx
Block 5 Final Exam/POC_Block 05_Final Cumulative Exam Alternate Answer Sheet_updated.docx,quiz_exam,docx,Block 5,general_reference,89,2026-08-06,Block 5 Final Exam/POC_Block 05_Final Cumulative Exam Alternate Answer Sheet_updated.docx
Block 5 Final Exam/POC_Block 05_Final Cumulative Exam Alternate.doc,quiz_exam,doc,Block 5,general_reference,89,2026-08-06,Block 5 Final Exam/POC_Block 05_Final Cumulative Exam Alternate.doc
Block 5 Final Exam/POC_Block 05_Final Cumulative Exam Alternate Figures 1 - 7.doc,quiz_exam,doc,Block 5,general_reference,89,2026-08-06,Block 5 Final Exam/POC_Block 05_Final Cumulative Exam Alternate Figures 1 - 7.doc
Block 5 Final Exam/POC_Block 05_Final Cumulative Exam Alternate Figures 1 - 7_updated.docx,quiz_exam,docx,Block 5,general_reference,89,2026-08-06,Block 5 Final Exam/POC_Block 05_Final Cumulative Exam Alternate Figures 1 - 7_updated.docx
Block 5 Final Exam/POC_Block 05_Final Cumulative Exam Alternate_updated.docx,quiz_exam,docx,Block 5,general_reference,89,2026-08-06,Block 5 Final Exam/POC_Block 05_Final Cumulative Exam Alternate_updated.docx
Block 5 Final Exam/POC_Block 05_Final Cumulative Exam Answer Sheet.doc,quiz_exam,doc,Block 5,general_reference,89,2026-08-06,Block 5 Final Exam/POC_Block 05_Final Cumulative Exam Answer Sheet.doc
Block 5 Final Exam/POC_Block 05_Final Cumulative Exam Answer Sheet Key.doc,quiz_answer_key,doc,Block 5,general_reference,89,2026-08-06,Block 5 Final Exam/POC_Block 05_Final Cumulative Exam Answer Sheet Key.doc
Block 5 Final Exam/POC_Block 05_Final Cumulative Exam Answer Sheet Key_updated.docx,quiz_answer_key,docx,Block 5,general_reference,89,2026-08-06,Block 5 Final Exam/POC_Block 05_Final Cumulative Exam Answer Sheet Key_updated.docx
Block 5 Final Exam/POC_Block 05_Final Cumulative Exam Answer Sheet_updated.docx,quiz_exam,docx,Block 5,general_reference,89,2026-08-06,Block 5 Final Exam/POC_Block 05_Final Cumulative Exam Answer Sheet_updated.docx
Block 5 Final Exam/POC_Block 05_Final Cumulative Exam.doc,quiz_exam,doc,Block 5,general_reference,89,2026-08-06,Block 5 Final Exam/POC_Block 05_Final Cumulative Exam.doc
Block 5 Final Exam/POC_Block 05_Final Cumulative Exam Figures 1 - 7.doc,quiz_exam,doc,Block 5,general_reference,89,2026-08-06,Block 5 Final Exam/POC_Block 05_Final Cumulative Exam Figures 1 - 7.doc
Block 5 Final Exam/POC_Block 05_Final Cumulative Exam Figures 1 - 7_updated.docx,quiz_exam,docx,Block 5,general_reference,89,2026-08-06,Block 5 Final Exam/POC_Block 05_Final Cumulative Exam Figures 1 - 7_updated.docx
Block 5 Final Exam/POC_Block 05_Final Cumulative Exam_updated.docx,quiz_exam,docx,Block 5,general_reference,89,2026-08-06,Block 5 Final Exam/POC_Block 05_Final Cumulative Exam_updated.docx
Block 7 Final Cumulative Exam/Block 7 Final Cumulative Exam Alternate Answer Sheet.doc,quiz_exam,doc,Block 7,general_reference,99,2026-08-06,Block 7 Final Cumulative Exam/Block 7 Final Cumulative Exam Alternate Answer Sheet.doc
Block 7 Final Cumulative Exam/Block 7 Final Cumulative Exam Alternate Answer Sheet Key.doc,quiz_answer_key,doc,Block 7,general_reference,99,2026-08-06,Block 7 Final Cumulative Exam/Block 7 Final Cumulative Exam Alternate Answer Sheet Key.doc
Block 7 Final Cumulative Exam/Block 7 Final Cumulative Exam Alternate.doc,quiz_exam,doc,Block 7,general_reference,99,2026-08-06,Block 7 Final Cumulative Exam/Block 7 Final Cumulative Exam Alternate.doc
Block 7 Final Cumulative Exam/Block 7 Final Cumulative Exam Answer Sheet.doc,quiz_exam,doc,Block 7,general_reference,99,2026-08-06,Block 7 Final Cumulative Exam/Block 7 Final Cumulative Exam Answer Sheet.doc
Block 7 Final Cumulative Exam/Block 7 Final Cumulative Exam Answer Sheet Key.doc,quiz_answer_key,doc,Block 7,general_reference,99,2026-08-06,Block 7 Final Cumulative Exam/Block 7 Final Cumulative Exam Answer Sheet Key.doc
Block 7 Final Cumulative Exam/Block 7 Final Cumulative Exam.doc,quiz_exam,doc,Block 7,general_reference,99,2026-08-06,Block 7 Final Cumulative Exam/Block 7 Final Cumulative Exam.doc
Block 7 Final Cumulative Exam/Block 7 Final Cumulative Exam Selection Sheet.doc,quiz_exam,doc,Block 7,general_reference,99,2026-08-06,Block 7 Final Cumulative Exam/Block 7 Final Cumulative Exam Selection Sheet.doc
Block 9 Final Cumulative Exam/Block 9 Final Cumulative Exam Alternate Answer Sheet.doc,quiz_exam,doc,Block 9,general_reference,101,2026-08-06,Block 9 Final Cumulative Exam/Block 9 Final Cumulative Exam Alternate Answer Sheet.doc
Block 9 Final Cumulative Exam/Block 9 Final Cumulative Exam Alternate Answer Sheet Key.doc,quiz_answer_key,doc,Block 9,general_reference,101,2026-08-06,Block 9 Final Cumulative Exam/Block 9 Final Cumulative Exam Alternate Answer Sheet Key.doc
Block 9 Final Cumulative Exam/Block 9 Final Cumulative Exam Answer Sheet.doc,quiz_exam,doc,Block 9,general_reference,101,2026-08-06,Block 9 Final Cumulative Exam/Block 9 Final Cumulative Exam Answer Sheet.doc
Block 9 Final Cumulative Exam/Block 9 Final Cumulative Exam Answer Sheet Key.doc,quiz_answer_key,doc,Block 9,general_reference,101,2026-08-06,Block 9 Final Cumulative Exam/Block 9 Final Cumulative Exam Answer Sheet Key.doc
Hyd & Pneu Projects/H 31 Key ACS.doc,quiz_answer_key,doc,Block 8,general_reference,100,2026-08-06,Hyd _ Pneu Projects/H 31 Key ACS.doc
Hyd & Pneu Projects/H 31 Key ACS.doc,quiz_answer_key,doc,Block 8,course_generation,100,2026-08-07,Hyd _ Pneu Projects/H 31 Key ACS.doc
Ice and Rain Subject Final/Ice & Rain Protection Systems Final Exam Answer Sheet.doc,quiz_exam,doc,Block 9,course_generation,101,2026-08-06,Ice and Rain Subject Final/Ice _ Rain Protection Systems Final Exam Answer Sheet.doc
Ice and Rain Subject Final/Ice & Rain Protection Systems Final Exam Answer Sheet Key.doc,quiz_exam,doc,Block 9,course_generation,101,2026-08-06,Ice and Rain Subject Final/Ice _ Rain Protection Systems Final Exam Answer Sheet Key.doc
Ice and Rain Subject Final/Ice & Rain Protection Systems Final Exam.doc,quiz_exam,doc,Block 9,course_generation,101,2026-08-06,Ice and Rain Subject Final/Ice _ Rain Protection Systems Final Exam.doc
Ice and Rain Subject Final/Ice & Rain Protection Systems Final Exam Question #s.doc,quiz_exam,doc,Block 9,course_generation,101,2026-08-06,Ice and Rain Subject Final/Ice _ Rain Protection Systems Final Exam Question _s.doc
Ice & Rain Protection Systems Projects/Ice & Rain Project 1  A53-P26 Part 2.doc,project_key,doc,Block 9,course_generation,101,2026-08-06,Ice _ Rain Protection Systems Projects/Ice _ Rain Project 1  A53-P26 Part 2.doc
Ice & Rain Protection Systems Projects/Ice & Rain Project 1  A53-P26 Part 2 Handout.doc,project_key,doc,Block 9,course_generation,101,2026-08-06,Ice _ Rain Protection Systems Projects/Ice _ Rain Project 1  A53-P26 Part 2 Handout.doc
Ignition Starting Subject Quiz/Ignition & Starting Final Exam1 Answer Sheet.doc,quiz_exam,doc,Block 12,general_reference,91,2026-08-06,Ignition Starting Subject Quiz/Ignition _ Starting Final Exam1 Answer Sheet.doc
Ignition Starting Subject Quiz/Ignition & Starting Final Exam1 Answer Sheet.doc,quiz_exam,doc,Block 12,general_reference,91,2026-08-06,Ignition Starting Subject Quiz/Ignition _ Starting Final Exam1 Answer Sheet.doc
Ignition Starting Subject Quiz/Ignition & Starting Final Exam1.doc,quiz_exam,doc,Block 12,general_reference,91,2026-08-06,Ignition Starting Subject Quiz/Ignition _ Starting Final Exam1.doc
Ignition Starting Subject Quiz/Ignition & Starting Final Exam1.doc,quiz_exam,doc,Block 12,general_reference,91,2026-08-06,Ignition Starting Subject Quiz/Ignition _ Starting Final Exam1.doc
Landing Gear Projects/Landing Gear Systems Project 2 A29.doc,project_key,doc,Block 9,course_generation,101,2026-08-06,Landing Gear Projects/Landing Gear Systems Project 2 A29.doc
Landing Gear Projects/Landing Gear Systems Project 3 A51.doc,project_key,doc,Block 9,course_generation,101,2026-08-06,Landing Gear Projects/Landing Gear Systems Project 3 A51.doc
Landing Gear Projects/Landing Gear Systems Project 3 A51 Key.doc,project_key,doc,Block 9,course_generation,101,2026-08-06,Landing Gear Projects/Landing Gear Systems Project 3 A51 Key.doc
Landing Gear Projects/Landing Gear Systems Project 4 A52.doc,project_key,doc,Block 9,course_generation,101,2026-08-06,Landing Gear Projects/Landing Gear Systems Project 4 A52.doc
Landing Gear Projects/Landing Gear Systems Project 6.doc,project_key,doc,Block 9,course_generation,101,2026-08-06,Landing Gear Projects/Landing Gear Systems Project 6.doc
Landing Gear Projects/Landing Gear Systems Project 6 Key.doc,project_key,doc,Block 9,course_generation,101,2026-08-06,Landing Gear Projects/Landing Gear Systems Project 6 Key.doc
Landing Gear Projects/Landing Gear Systems Project A27.doc,project_key,doc,Block 9,course_generation,101,2026-08-06,Landing Gear Projects/Landing Gear Systems Project A27.doc
Landing Gear Projects/Landing Gear Systems Project A27 Key.doc,project_key,doc,Block 9,course_generation,101,2026-08-06,Landing Gear Projects/Landing Gear Systems Project A27 Key.doc
Landing Gear Subject Final/Landing Gear Systems Final Exam Answer Sheet.doc,quiz_exam,doc,Block 9,course_generation,101,2026-08-06,Landing Gear Subject Final/Landing Gear Systems Final Exam Answer Sheet.doc
Landing Gear Subject Final/Landing Gear Systems Final Exam Answer Sheet Key.doc,quiz_exam,doc,Block 9,course_generation,101,2026-08-06,Landing Gear Subject Final/Landing Gear Systems Final Exam Answer Sheet Key.doc
Landing Gear Subject Final/Landing Gear Systems Final Exam.doc,quiz_exam,doc,Block 9,course_generation,101,2026-08-06,Landing Gear Subject Final/Landing Gear Systems Final Exam.doc
Landing Gear Subject Final/Landing Gear Systems Final Exam Match Statements.doc,quiz_exam,doc,Block 9,course_generation,101,2026-08-06,Landing Gear Subject Final/Landing Gear Systems Final Exam Match Statements.doc
Upload Block 13/Block 13 Final Cumulative Exam.doc,quiz_exam,doc,Block 13,general_reference,103,2026-08-06,Upload Block 13/Block 13 Final Cumulative Exam.doc
Upload Block 13/Block 13 Final Cumulative Exam Key.doc,quiz_answer_key,doc,Block 13,general_reference,103,2026-08-06,Upload Block 13/Block 13 Final Cumulative Exam Key.doc
Upload Block 13/Turbine Engine Quiz1.doc,quiz_exam,doc,Block 13,general_reference,103,2026-08-06,Upload Block 13/Turbine Engine Quiz1.doc
Upload Block 13/Turbine Engine Quiz1 Key.doc,quiz_answer_key,doc,Block 13,general_reference,103,2026-08-06,Upload Block 13/Turbine Engine Quiz1 Key.doc
